<?xml version="1.0" encoding="UTF-8"?>
<beans xmlns="http://www.springframework.org/schema/beans"
	xmlns:xsi="http://www.w3.org/2001/XMLSchema-instance"
	xmlns:batch="http://www.springframework.org/schema/batch"
	xsi:schemaLocation="http://www.springframework.org/schema/batch http://www.springframework.org/schema/batch/spring-batch.xsd
		http://www.springframework.org/schema/beans http://www.springframework.org/schema/beans/spring-beans.xsd">
		
	<import resource="datasource-config.xml"/>

	
	<bean id="student" class="com.example.batch.Students"/>
	
	<bean id="itemProcessor" class="com.example.batch.CustomItemProcessor"/>
	
	<job id="job_id1" xmlns="http://www.springframework.org/schema/batch">
		<step id="step1">
			<tasklet transaction-manager="transactionManager">
				<chunk reader="csvFileItemReader" writer="mysqlItemWriter" processor="itemProcessor" commit-interval="1"/>
			</tasklet>
		</step>
	</job>
	
	<bean id="csvFileItemReader" class="org.springframework.batch.item.file.FlatFileItemReader">
		<property name="resource" value="classpath:student.csv" />
		<property name="lineMapper">
		    <bean class="org.springframework.batch.item.file.mapping.DefaultLineMapper">
				<property name="lineTokenizer">
					<bean class="org.springframework.batch.item.file.transform.DelimitedLineTokenizer">
						<property name="names" value="roll,name,age" />
					</bean>
				</property>
				<property name="fieldSetMapper">
					<bean class="org.springframework.batch.item.file.mapping.BeanWrapperFieldSetMapper">
						<property name="prototypeBeanName" value="student" />
					</bean>
				</property>
			</bean>
		</property>
	</bean>
	
	<bean id="mysqlItemWriter" class="org.springframework.batch.item.database.JdbcBatchItemWriter"> 
      <property name = "dataSource" ref = "dataSource" /> 
      <property name = "sql"> 
         <value> 
            <![CDATA[insert into students (roll, name, age) values (:roll, :name, :age);]]>
         </value> 
      </property>   
      <property name = "itemSqlParameterSourceProvider"> 
         <bean class = "org.springframework.batch.item.database.BeanPropertyItemSqlParameterSourceProvider" /> 
      </property> 
   </bean> 

</beans>
